"beer_receipts","cover_charge_receipts","inside_outside_city_limits_code_y_n","liquor_receipts","location_address","location_city","location_county","location_name","location_number","location_state","location_zip","obligation_end_date_yyyymmdd","responsibility_begin_date_yyyymmdd","responsibility_end_date_yyyymmdd","tabc_permit_number","taxpayer_address","taxpayer_city","taxpayer_county","taxpayer_name","taxpayer_number","taxpayer_state","taxpayer_zip","total_receipts","wine_receipts"
"48026","0","MB746923","21521","922 W 12TH ST","AUSTIN","227","THE TAVERN","1","TX","78703","2015-04-30T00:00:00.000","2010-04-26T00:00:00.000",,"Y","1616 W 5TH ST","AUSTIN","227","TAVERN AUSTIN BEVERAGE COMPANY, LLC","32041141527","TX","78703","70926","1379"
"69408","0","MB746923","23014","922 W 12TH ST","AUSTIN","227","THE TAVERN","1","TX","78703","2011-09-30T00:00:00.000","2010-04-26T00:00:00.000",,"Y","1616 W 5TH ST","AUSTIN","227","TAVERN AUSTIN BEVERAGE COMPANY, LLC","32041141527","TX","78703","94919","2497"
"62932","0","MB536413","22433","922 W 12TH ST","AUSTIN","227","TAVERN","2","TX","78703","2007-10-31T00:00:00.000","2003-06-04T00:00:00.000","2010-04-26T00:00:00.000","Y","6101 GUN BOW CT","AUSTIN","227","THE TAVERN AT 12TH LP","13714564534","TX","78746","87615","2250"
"51658","0","MB746923","23490","922 W 12TH ST","AUSTIN","227","THE TAVERN","1","TX","78703","2014-11-30T00:00:00.000","2010-04-26T00:00:00.000",,"Y","1616 W 5TH ST","AUSTIN","227","TAVERN AUSTIN BEVERAGE COMPANY, LLC","32041141527","TX","78703","78089","2941"
"39360","0","MB746923","18998","922 W 12TH ST","AUSTIN","227","THE TAVERN","1","TX","78703","2015-12-31T00:00:00.000","2010-04-26T00:00:00.000",,"Y","1616 W 5TH ST","AUSTIN","227","TAVERN AUSTIN BEVERAGE COMPANY, LLC","32041141527","TX","78703","59686","1328"
"48078","0","MB536413","18443","922 W 12TH ST","AUSTIN","227","TAVERN","2","TX","78703","2007-04-30T00:00:00.000","2003-06-04T00:00:00.000","2010-04-26T00:00:00.000","Y","6101 GUN BOW CT","AUSTIN","227","THE TAVERN AT 12TH LP","13714564534","TX","78746","68549","2028"
"28375","0","MB746923","13669","922 W 12TH ST","AUSTIN","227","THE TAVERN","1","TX","78703","2016-05-31T00:00:00.000","2010-04-26T00:00:00.000",,"Y","1616 W 5TH ST","AUSTIN","227","TAVERN AUSTIN BEVERAGE COMPANY, LLC","32041141527","TX","78703","43221","1177"
"52944","0","MB746923","21669","922 W 12TH ST","AUSTIN","227","THE TAVERN","1","TX","78703","2011-03-31T00:00:00.000","2010-04-26T00:00:00.000",,"Y","1616 W 5TH ST","AUSTIN","227","TAVERN AUSTIN BEVERAGE COMPANY, LLC","32041141527","TX","78703","76177","1564"
"44630","0","MB746923","14825","922 W 12TH ST","AUSTIN","227","THE TAVERN","1","TX","78703","2011-06-30T00:00:00.000","2010-04-26T00:00:00.000",,"Y","1616 W 5TH ST","AUSTIN","227","TAVERN AUSTIN BEVERAGE COMPANY, LLC","32041141527","TX","78703","60816","1361"
"55830","0","MB746923","22770","922 W 12TH ST","AUSTIN","227","THE TAVERN","1","TX","78703","2013-10-31T00:00:00.000","2010-04-26T00:00:00.000",,"Y","1616 W 5TH ST","AUSTIN","227","TAVERN AUSTIN BEVERAGE COMPANY, LLC","32041141527","TX","78703","80864","2264"
"50498","0","MB746923","17441","922 W 12TH ST","AUSTIN","227","THE TAVERN","1","TX","78703","2013-06-30T00:00:00.000","2010-04-26T00:00:00.000",,"Y","1616 W 5TH ST","AUSTIN","227","TAVERN AUSTIN BEVERAGE COMPANY, LLC","32041141527","TX","78703","68934","995"
"31604","0","MB536413","13372","922 W 12TH ST","AUSTIN","227","TAVERN","2","TX","78703","2009-02-28T00:00:00.000","2003-06-04T00:00:00.000","2010-04-26T00:00:00.000","Y","6101 GUN BOW CT","AUSTIN","227","THE TAVERN AT 12TH LP","13714564534","TX","78746","46617","1641"
"62962","0","MB536413","23161","922 W 12TH ST","AUSTIN","227","TAVERN","2","TX","78703","2008-10-31T00:00:00.000","2003-06-04T00:00:00.000","2010-04-26T00:00:00.000","Y","6101 GUN BOW CT","AUSTIN","227","THE TAVERN AT 12TH LP","13714564534","TX","78746","88480","2357"
"26869","0","MB746923","15262","922 W 12TH ST","AUSTIN","227","THE TAVERN","1","TX","78703","2015-07-31T00:00:00.000","2010-04-26T00:00:00.000",,"Y","1616 W 5TH ST","AUSTIN","227","TAVERN AUSTIN BEVERAGE COMPANY, LLC","32041141527","TX","78703","43309","1178"
"36178","0","MB746923","13142","922 W 12TH ST","AUSTIN","227","THE TAVERN","1","TX","78703","2010-05-31T00:00:00.000","2010-04-26T00:00:00.000",,"Y","1616 W 5TH ST","AUSTIN","227","TAVERN AUSTIN BEVERAGE COMPANY, LLC","32041141527","TX","78703","49905","585"
"38550","0","MB746923","16867","922 W 12TH ST","AUSTIN","227","THE TAVERN","1","TX","78703","2016-10-31T00:00:00.000","2010-04-26T00:00:00.000",,"Y","1616 W 5TH ST","AUSTIN","227","TAVERN AUSTIN BEVERAGE COMPANY, LLC","32041141527","TX","78703","58679","3262"
"41807","0","MB746923","15337","922 W 12TH ST","AUSTIN","227","THE TAVERN","1","TX","78703","2014-02-28T00:00:00.000","2010-04-26T00:00:00.000",,"Y","1616 W 5TH ST","AUSTIN","227","TAVERN AUSTIN BEVERAGE COMPANY, LLC","32041141527","TX","78703","58754","1610"
"31563","0","MB746923","16284","922 W 12TH ST","AUSTIN","227","THE TAVERN","1","TX","78703","2015-02-28T00:00:00.000","2010-04-26T00:00:00.000",,"Y","1616 W 5TH ST","AUSTIN","227","TAVERN AUSTIN BEVERAGE COMPANY, LLC","32041141527","TX","78703","49454","1607"
"59809","0","MB746923","25066","922 W 12TH ST","AUSTIN","227","THE TAVERN","1","TX","78703","2014-09-30T00:00:00.000","2010-04-26T00:00:00.000",,"Y","1616 W 5TH ST","AUSTIN","227","TAVERN AUSTIN BEVERAGE COMPANY, LLC","32041141527","TX","78703","87398","2523"
"41721","0","MB746923","19799","922 W 12TH ST","AUSTIN","227","THE TAVERN","1","TX","78703","2014-12-31T00:00:00.000","2010-04-26T00:00:00.000",,"Y","1616 W 5TH ST","AUSTIN","227","TAVERN AUSTIN BEVERAGE COMPANY, LLC","32041141527","TX","78703","63626","2106"
"35707","0","MB536413","14549","922 W 12TH ST","AUSTIN","227","TAVERN","2","TX","78703","2010-04-30T00:00:00.000","2003-06-04T00:00:00.000","2010-04-26T00:00:00.000","Y","6101 GUN BOW CT","AUSTIN","227","THE TAVERN AT 12TH LP","13714564534","TX","78746","51842","1586"
"48792","0","MB536413","21949","922 W 12TH ST","AUSTIN","227","TAVERN","2","TX","78703","2008-12-31T00:00:00.000","2003-06-04T00:00:00.000","2010-04-26T00:00:00.000","Y","6101 GUN BOW CT","AUSTIN","227","THE TAVERN AT 12TH LP","13714564534","TX","78746","72995","2254"
"50024","0","MB536413","23717","922 W 12TH ST","AUSTIN","227","TAVERN","2","TX","78703","2009-10-31T00:00:00.000","2003-06-04T00:00:00.000","2010-04-26T00:00:00.000","Y","6101 GUN BOW CT","AUSTIN","227","THE TAVERN AT 12TH LP","13714564534","TX","78746","75937","2196"
"35750","0","MB746923","14288","922 W 12TH ST","AUSTIN","227","THE TAVERN","1","TX","78703","2016-11-30T00:00:00.000","2010-04-26T00:00:00.000",,"Y","1616 W 5TH ST","AUSTIN","227","TAVERN AUSTIN BEVERAGE COMPANY, LLC","32041141527","TX","78703","52288","2250"
"31848","0","MB536413","14607","922 W 12TH ST","AUSTIN","227","TAVERN","2","TX","78703","2010-02-28T00:00:00.000","2003-06-04T00:00:00.000","2010-04-26T00:00:00.000","Y","6101 GUN BOW CT","AUSTIN","227","THE TAVERN AT 12TH LP","13714564534","TX","78746","47899","1444"
"34768","0","MB746923","12934","922 W 12TH ST","AUSTIN","227","THE TAVERN","1","TX","78703","2012-07-31T00:00:00.000","2010-04-26T00:00:00.000",,"Y","1616 W 5TH ST","AUSTIN","227","TAVERN AUSTIN BEVERAGE COMPANY, LLC","32041141527","TX","78703","48607","905"
"40022","0","MB746923","16249","922 W 12TH ST","AUSTIN","227","THE TAVERN","1","TX","78703","2013-07-31T00:00:00.000","2010-04-26T00:00:00.000",,"Y","1616 W 5TH ST","AUSTIN","227","TAVERN AUSTIN BEVERAGE COMPANY, LLC","32041141527","TX","78703","57611","1340"
"43613","0","MB536413","16213","922 W 12TH ST","AUSTIN","227","TAVERN","2","TX","78703","2007-06-30T00:00:00.000","2003-06-04T00:00:00.000","2010-04-26T00:00:00.000","Y","6101 GUN BOW CT","AUSTIN","227","THE TAVERN AT 12TH LP","13714564534","TX","78746","61534","1708"
"32461","0","MB746923","14580","922 W 12TH ST","AUSTIN","227","THE TAVERN","1","TX","78703","2017-03-31T00:00:00.000","2010-04-26T00:00:00.000",,"Y","1616 W 5TH ST","AUSTIN","227","TAVERN AUSTIN BEVERAGE COMPANY, LLC","32041141527","TX","78703","48422","1381"
"0","0","MB746923","0","922 W 12TH ST","AUSTIN","227","THE TAVERN","1","TX","78703","2010-04-30T00:00:00.000","2010-04-26T00:00:00.000",,"Y","1616 W 5TH ST","AUSTIN","227","TAVERN AUSTIN BEVERAGE COMPANY, LLC","32041141527","TX","78703","0","0"
"33966","0","MB746923","15904","922 W 12TH ST","AUSTIN","227","THE TAVERN","1","TX","78703","2015-06-30T00:00:00.000","2010-04-26T00:00:00.000",,"Y","1616 W 5TH ST","AUSTIN","227","TAVERN AUSTIN BEVERAGE COMPANY, LLC","32041141527","TX","78703","51177","1307"
"40046","0","MB746923","14460","922 W 12TH ST","AUSTIN","227","THE TAVERN","1","TX","78703","2011-08-31T00:00:00.000","2010-04-26T00:00:00.000",,"Y","1616 W 5TH ST","AUSTIN","227","TAVERN AUSTIN BEVERAGE COMPANY, LLC","32041141527","TX","78703","56001","1495"
"51084","0","MB746923","25195","922 W 12TH ST","AUSTIN","227","THE TAVERN","1","TX","78703","2015-09-30T00:00:00.000","2010-04-26T00:00:00.000",,"Y","1616 W 5TH ST","AUSTIN","227","TAVERN AUSTIN BEVERAGE COMPANY, LLC","32041141527","TX","78703","78743","2464"
"67179","0","MB746923","22551","922 W 12TH ST","AUSTIN","227","THE TAVERN","1","TX","78703","2010-10-31T00:00:00.000","2010-04-26T00:00:00.000",,"Y","1616 W 5TH ST","AUSTIN","227","TAVERN AUSTIN BEVERAGE COMPANY, LLC","32041141527","TX","78703","92189","2459"
"38409","0","MB746923","13719","922 W 12TH ST","AUSTIN","227","THE TAVERN","1","TX","78703","2011-02-28T00:00:00.000","2010-04-26T00:00:00.000",,"Y","1616 W 5TH ST","AUSTIN","227","TAVERN AUSTIN BEVERAGE COMPANY, LLC","32041141527","TX","78703","53687","1559"
"38032","0","MB536413","14624","922 W 12TH ST","AUSTIN","227","TAVERN","2","TX","78703","2007-07-31T00:00:00.000","2003-06-04T00:00:00.000","2010-04-26T00:00:00.000","Y","6101 GUN BOW CT","AUSTIN","227","THE TAVERN AT 12TH LP","13714564534","TX","78746","54441","1785"
"36996","0","MB746923","16609","922 W 12TH ST","AUSTIN","227","THE TAVERN","1","TX","78703","2012-11-30T00:00:00.000","2010-04-26T00:00:00.000",,"Y","1616 W 5TH ST","AUSTIN","227","TAVERN AUSTIN BEVERAGE COMPANY, LLC","32041141527","TX","78703","56985","3380"
"16098","0","MB746923","33140","922 W 12TH ST","AUSTIN","227","THE TAVERN","1","TX","78703","2016-12-31T00:00:00.000","2010-04-26T00:00:00.000",,"Y","1616 W 5TH ST","AUSTIN","227","TAVERN AUSTIN BEVERAGE COMPANY, LLC","32041141527","TX","78703","51710","2472"
"56003","0","MB746923","25294","922 W 12TH ST","AUSTIN","227","THE TAVERN","1","TX","78703","2013-12-31T00:00:00.000","2010-04-26T00:00:00.000",,"Y","1616 W 5TH ST","AUSTIN","227","TAVERN AUSTIN BEVERAGE COMPANY, LLC","32041141527","TX","78703","82842","1545"
"43106","0","MB536413","19607","922 W 12TH ST","AUSTIN","227","TAVERN","2","TX","78703","2010-01-31T00:00:00.000","2003-06-04T00:00:00.000","2010-04-26T00:00:00.000","Y","6101 GUN BOW CT","AUSTIN","227","THE TAVERN AT 12TH LP","13714564534","TX","78746","64087","1374"
"22965","0","MB746923","14212","922 W 12TH ST","AUSTIN","227","THE TAVERN","1","TX","78703","2017-08-31T00:00:00.000","2010-04-26T00:00:00.000",,"Y","1616 W 5TH ST","AUSTIN","227","TAVERN AUSTIN BEVERAGE COMPANY, LLC","32041141527","TX","78703","38920","1743"
"46940","0","MB746923","17046","922 W 12TH ST","AUSTIN","227","THE TAVERN","1","TX","78703","2010-06-30T00:00:00.000","2010-04-26T00:00:00.000",,"Y","1616 W 5TH ST","AUSTIN","227","TAVERN AUSTIN BEVERAGE COMPANY, LLC","32041141527","TX","78703","64954","968"
"36586","0","MB746923","13078","922 W 12TH ST","AUSTIN","227","THE TAVERN","1","TX","78703","2010-07-31T00:00:00.000","2010-04-26T00:00:00.000",,"Y","1616 W 5TH ST","AUSTIN","227","TAVERN AUSTIN BEVERAGE COMPANY, LLC","32041141527","TX","78703","50594","930"
"31076","0","MB536413","11539","922 W 12TH ST","AUSTIN","227","TAVERN","2","TX","78703","2008-07-31T00:00:00.000","2003-06-04T00:00:00.000","2010-04-26T00:00:00.000","Y","6101 GUN BOW CT","AUSTIN","227","THE TAVERN AT 12TH LP","13714564534","TX","78746","44141","1526"
"40894","0","MB746923","14970","922 W 12TH ST","AUSTIN","227","THE TAVERN","1","TX","78703","2012-08-31T00:00:00.000","2010-04-26T00:00:00.000",,"Y","1616 W 5TH ST","AUSTIN","227","TAVERN AUSTIN BEVERAGE COMPANY, LLC","32041141527","TX","78703","57139","1275"
"55308","0","MB746923","19588","922 W 12TH ST","AUSTIN","227","THE TAVERN","1","TX","78703","2011-04-30T00:00:00.000","2010-04-26T00:00:00.000",,"Y","1616 W 5TH ST","AUSTIN","227","TAVERN AUSTIN BEVERAGE COMPANY, LLC","32041141527","TX","78703","77018","2122"
"42960","0","MB746923","19136","922 W 12TH ST","AUSTIN","227","THE TAVERN","1","TX","78703","2013-04-30T00:00:00.000","2010-04-26T00:00:00.000",,"Y","1616 W 5TH ST","AUSTIN","227","TAVERN AUSTIN BEVERAGE COMPANY, LLC","32041141527","TX","78703","63535","1439"
"65785","0","MB536413","27959","922 W 12TH ST","AUSTIN","227","TAVERN","2","TX","78703","2007-11-30T00:00:00.000","2003-06-04T00:00:00.000","2010-04-26T00:00:00.000","Y","6101 GUN BOW CT","AUSTIN","227","THE TAVERN AT 12TH LP","13714564534","TX","78746","96194","2450"
"52475","0","MB746923","19260","922 W 12TH ST","AUSTIN","227","THE TAVERN","1","TX","78703","2013-08-31T00:00:00.000","2010-04-26T00:00:00.000",,"Y","1616 W 5TH ST","AUSTIN","227","TAVERN AUSTIN BEVERAGE COMPANY, LLC","32041141527","TX","78703","73296","1561"
"71837","0","MB746923","24986","922 W 12TH ST","AUSTIN","227","THE TAVERN","1","TX","78703","2012-09-30T00:00:00.000","2010-04-26T00:00:00.000",,"Y","1616 W 5TH ST","AUSTIN","227","TAVERN AUSTIN BEVERAGE COMPANY, LLC","32041141527","TX","78703","98610","1787"
"59472","0","MB746923","23874","922 W 12TH ST","AUSTIN","227","THE TAVERN","1","TX","78703","2011-12-31T00:00:00.000","2010-04-26T00:00:00.000",,"Y","1616 W 5TH ST","AUSTIN","227","TAVERN AUSTIN BEVERAGE COMPANY, LLC","32041141527","TX","78703","85949","2603"
"27890","0","MB746923","12142","922 W 12TH ST","AUSTIN","227","THE TAVERN","1","TX","78703","2016-07-31T00:00:00.000","2010-04-26T00:00:00.000",,"Y","1616 W 5TH ST","AUSTIN","227","TAVERN AUSTIN BEVERAGE COMPANY, LLC","32041141527","TX","78703","41255","1223"
"30562","0","MB746923","14196","922 W 12TH ST","AUSTIN","227","THE TAVERN","1","TX","78703","2015-08-31T00:00:00.000","2010-04-26T00:00:00.000",,"Y","1616 W 5TH ST","AUSTIN","227","TAVERN AUSTIN BEVERAGE COMPANY, LLC","32041141527","TX","78703","46329","1571"
"27432","0","MB746923","35714","922 W 12TH ST","AUSTIN","227","THE TAVERN","1","TX","78703","2015-11-30T00:00:00.000","2010-04-26T00:00:00.000",,"Y","1616 W 5TH ST","AUSTIN","227","TAVERN AUSTIN BEVERAGE COMPANY, LLC","32041141527","TX","78703","65371","2225"
"25874","0","MB536413","12642","922 W 12TH ST","AUSTIN","227","TAVERN","2","TX","78703","2009-07-31T00:00:00.000","2003-06-04T00:00:00.000","2010-04-26T00:00:00.000","Y","6101 GUN BOW CT","AUSTIN","227","THE TAVERN AT 12TH LP","13714564534","TX","78746","39365","849"
"32854","0","MB746923","12664","922 W 12TH ST","AUSTIN","227","THE TAVERN","1","TX","78703","2010-08-31T00:00:00.000","2010-04-26T00:00:00.000",,"Y","1616 W 5TH ST","AUSTIN","227","TAVERN AUSTIN BEVERAGE COMPANY, LLC","32041141527","TX","78703","46730","1212"
"27793","0","MB746923","14243","922 W 12TH ST","AUSTIN","227","THE TAVERN","1","TX","78703","2016-08-31T00:00:00.000","2010-04-26T00:00:00.000",,"Y","1616 W 5TH ST","AUSTIN","227","TAVERN AUSTIN BEVERAGE COMPANY, LLC","32041141527","TX","78703","43492","1456"
"40032","0","MB536413","17586","922 W 12TH ST","AUSTIN","227","TAVERN","2","TX","78703","2010-03-31T00:00:00.000","2003-06-04T00:00:00.000","2010-04-26T00:00:00.000","Y","6101 GUN BOW CT","AUSTIN","227","THE TAVERN AT 12TH LP","13714564534","TX","78746","58920","1302"
"65958","0","MB536413","25331","922 W 12TH ST","AUSTIN","227","TAVERN","2","TX","78703","2008-11-30T00:00:00.000","2003-06-04T00:00:00.000","2010-04-26T00:00:00.000","Y","6101 GUN BOW CT","AUSTIN","227","THE TAVERN AT 12TH LP","13714564534","TX","78746","93739","2450"
"46893","0","MB746923","14614","922 W 12TH ST","AUSTIN","227","THE TAVERN","1","TX","78703","2011-05-31T00:00:00.000","2010-04-26T00:00:00.000",,"Y","1616 W 5TH ST","AUSTIN","227","TAVERN AUSTIN BEVERAGE COMPANY, LLC","32041141527","TX","78703","63003","1496"
"49488","0","MB746923","22958","922 W 12TH ST","AUSTIN","227","THE TAVERN","1","TX","78703","2016-09-30T00:00:00.000","2010-04-26T00:00:00.000",,"Y","1616 W 5TH ST","AUSTIN","227","TAVERN AUSTIN BEVERAGE COMPANY, LLC","32041141527","TX","78703","75692","3246"
"76683","0","MB746923","22092","922 W 12TH ST","AUSTIN","227","THE TAVERN","1","TX","78703","2011-10-31T00:00:00.000","2010-04-26T00:00:00.000",,"Y","1616 W 5TH ST","AUSTIN","227","TAVERN AUSTIN BEVERAGE COMPANY, LLC","32041141527","TX","78703","101595","2820"
"53094","0","MB746923","20717","922 W 12TH ST","AUSTIN","227","THE TAVERN","1","TX","78703","2013-03-31T00:00:00.000","2010-04-26T00:00:00.000",,"Y","1616 W 5TH ST","AUSTIN","227","TAVERN AUSTIN BEVERAGE COMPANY, LLC","32041141527","TX","78703","75459","1648"
"37346","0","MB536413","16049","922 W 12TH ST","AUSTIN","227","TAVERN","2","TX","78703","2009-06-30T00:00:00.000","2003-06-04T00:00:00.000","2010-04-26T00:00:00.000","Y","6101 GUN BOW CT","AUSTIN","227","THE TAVERN AT 12TH LP","13714564534","TX","78746","54174","779"
"45272","0","MB746923","17920","922 W 12TH ST","AUSTIN","227","THE TAVERN","1","TX","78703","2013-05-31T00:00:00.000","2010-04-26T00:00:00.000",,"Y","1616 W 5TH ST","AUSTIN","227","TAVERN AUSTIN BEVERAGE COMPANY, LLC","32041141527","TX","78703","64557","1365"
"45892","0","MB536413","18595","922 W 12TH ST","AUSTIN","227","TAVERN","2","TX","78703","2008-08-31T00:00:00.000","2003-06-04T00:00:00.000","2010-04-26T00:00:00.000","Y","6101 GUN BOW CT","AUSTIN","227","THE TAVERN AT 12TH LP","13714564534","TX","78746","66396","1909"
"44498","0","MB746923","18541","922 W 12TH ST","AUSTIN","227","THE TAVERN","1","TX","78703","2014-04-30T00:00:00.000","2010-04-26T00:00:00.000",,"Y","1616 W 5TH ST","AUSTIN","227","TAVERN AUSTIN BEVERAGE COMPANY, LLC","32041141527","TX","78703","64455","1416"
"42247","0","MB746923","17104","922 W 12TH ST","AUSTIN","227","THE TAVERN","1","TX","78703","2014-07-31T00:00:00.000","2010-04-26T00:00:00.000",,"Y","1616 W 5TH ST","AUSTIN","227","TAVERN AUSTIN BEVERAGE COMPANY, LLC","32041141527","TX","78703","60303","952"
"56478","0","MB746923","19731","922 W 12TH ST","AUSTIN","227","THE TAVERN","1","TX","78703","2014-06-30T00:00:00.000","2010-04-26T00:00:00.000",,"Y","1616 W 5TH ST","AUSTIN","227","TAVERN AUSTIN BEVERAGE COMPANY, LLC","32041141527","TX","78703","77424","1215"
"51655","0","MB746923","26804","922 W 12TH ST","AUSTIN","227","THE TAVERN","1","TX","78703","2015-10-31T00:00:00.000","2010-04-26T00:00:00.000",,"Y","1616 W 5TH ST","AUSTIN","227","TAVERN AUSTIN BEVERAGE COMPANY, LLC","32041141527","TX","78703","80542","2083"
"40616","0","MB746923","18355","922 W 12TH ST","AUSTIN","227","THE TAVERN","1","TX","78703","2015-01-31T00:00:00.000","2010-04-26T00:00:00.000",,"Y","1616 W 5TH ST","AUSTIN","227","TAVERN AUSTIN BEVERAGE COMPANY, LLC","32041141527","TX","78703","60533","1562"
"38574","0","MB746923","12923","922 W 12TH ST","AUSTIN","227","THE TAVERN","1","TX","78703","2012-02-29T00:00:00.000","2010-04-26T00:00:00.000",,"Y","1616 W 5TH ST","AUSTIN","227","TAVERN AUSTIN BEVERAGE COMPANY, LLC","32041141527","TX","78703","52961","1464"
"69359","0","MB746923","26123","922 W 12TH ST","AUSTIN","227","THE TAVERN","1","TX","78703","2013-09-30T00:00:00.000","2010-04-26T00:00:00.000",,"Y","1616 W 5TH ST","AUSTIN","227","TAVERN AUSTIN BEVERAGE COMPANY, LLC","32041141527","TX","78703","97412","1930"
"32461","0","MB746923","14580","922 W 12TH ST","AUSTIN","227","THE TAVERN","1","TX","78703","2016-03-31T00:00:00.000","2010-04-26T00:00:00.000",,"Y","1616 W 5TH ST","AUSTIN","227","TAVERN AUSTIN BEVERAGE COMPANY, LLC","32041141527","TX","78703","48422","1381"
"65751","0","MB536413","24900","922 W 12TH ST","AUSTIN","227","TAVERN","2","TX","78703","2007-03-31T00:00:00.000","2003-06-04T00:00:00.000","2010-04-26T00:00:00.000","Y","6101 GUN BOW CT","AUSTIN","227","THE TAVERN AT 12TH LP","13714564534","TX","78746","92746","2095"
"43250","0","MB536413","19530","922 W 12TH ST","AUSTIN","227","TAVERN","2","TX","78703","2009-12-31T00:00:00.000","2003-06-04T00:00:00.000","2010-04-26T00:00:00.000","Y","6101 GUN BOW CT","AUSTIN","227","THE TAVERN AT 12TH LP","13714564534","TX","78746","64500","1720"
"61252","0","MB746923","22728","922 W 12TH ST","AUSTIN","227","THE TAVERN","1","TX","78703","2010-11-30T00:00:00.000","2010-04-26T00:00:00.000",,"Y","1616 W 5TH ST","AUSTIN","227","TAVERN AUSTIN BEVERAGE COMPANY, LLC","32041141527","TX","78703","86300","2320"
"50320","0","MB746923","19472","922 W 12TH ST","AUSTIN","227","THE TAVERN","1","TX","78703","2014-03-31T00:00:00.000","2010-04-26T00:00:00.000",,"Y","1616 W 5TH ST","AUSTIN","227","TAVERN AUSTIN BEVERAGE COMPANY, LLC","32041141527","TX","78703","71724","1932"
"39877","0","MB536413","16107","922 W 12TH ST","AUSTIN","227","TAVERN","2","TX","78703","2009-04-30T00:00:00.000","2003-06-04T00:00:00.000","2010-04-26T00:00:00.000","Y","6101 GUN BOW CT","AUSTIN","227","THE TAVERN AT 12TH LP","13714564534","TX","78746","57078","1094"
"34017","0","MB746923","12731","922 W 12TH ST","AUSTIN","227","THE TAVERN","1","TX","78703","2016-06-30T00:00:00.000","2010-04-26T00:00:00.000",,"Y","1616 W 5TH ST","AUSTIN","227","TAVERN AUSTIN BEVERAGE COMPANY, LLC","32041141527","TX","78703","47696","948"
"56736","0","MB746923","16918","922 W 12TH ST","AUSTIN","227","THE TAVERN","1","TX","78703","2012-01-31T00:00:00.000","2010-04-26T00:00:00.000",,"Y","1616 W 5TH ST","AUSTIN","227","TAVERN AUSTIN BEVERAGE COMPANY, LLC","32041141527","TX","78703","75442","1788"
"48519","0","MB536413","17708","922 W 12TH ST","AUSTIN","227","TAVERN","2","TX","78703","2007-02-28T00:00:00.000","2003-06-04T00:00:00.000","2010-04-26T00:00:00.000","Y","6101 GUN BOW CT","AUSTIN","227","THE TAVERN AT 12TH LP","13714564534","TX","78746","68348","2121"
"38232","0","MB536413","12378","922 W 12TH ST","AUSTIN","227","TAVERN","2","TX","78703","2008-06-30T00:00:00.000","2003-06-04T00:00:00.000","2010-04-26T00:00:00.000","Y","6101 GUN BOW CT","AUSTIN","227","THE TAVERN AT 12TH LP","13714564534","TX","78746","52431","1821"
"43954","0","MB536413","17670","922 W 12TH ST","AUSTIN","227","TAVERN","2","TX","78703","2008-02-29T00:00:00.000","2003-06-04T00:00:00.000","2010-04-26T00:00:00.000","Y","6101 GUN BOW CT","AUSTIN","227","THE TAVERN AT 12TH LP","13714564534","TX","78746","63780","2156"
"52011","0","MB536413","19714","922 W 12TH ST","AUSTIN","227","TAVERN","2","TX","78703","2008-01-31T00:00:00.000","2003-06-04T00:00:00.000","2010-04-26T00:00:00.000","Y","6101 GUN BOW CT","AUSTIN","227","THE TAVERN AT 12TH LP","13714564534","TX","78746","73887","2162"
"51475","0","MB746923","17560","922 W 12TH ST","AUSTIN","227","THE TAVERN","1","TX","78703","2014-05-31T00:00:00.000","2010-04-26T00:00:00.000",,"Y","1616 W 5TH ST","AUSTIN","227","TAVERN AUSTIN BEVERAGE COMPANY, LLC","32041141527","TX","78703","70636","1601"
"41540","0","MB746923","22447","922 W 12TH ST","AUSTIN","227","THE TAVERN","1","TX","78703","2017-09-30T00:00:00.000","2010-04-26T00:00:00.000",,"Y","1616 W 5TH ST","AUSTIN","227","TAVERN AUSTIN BEVERAGE COMPANY, LLC","32041141527","TX","78703","66515","2528"
"37422","0","MB536413","17338","922 W 12TH ST","AUSTIN","227","TAVERN","2","TX","78703","2009-05-31T00:00:00.000","2003-06-04T00:00:00.000","2010-04-26T00:00:00.000","Y","6101 GUN BOW CT","AUSTIN","227","THE TAVERN AT 12TH LP","13714564534","TX","78746","55466","706"
"35326","0","MB746923","20014","922 W 12TH ST","AUSTIN","227","THE TAVERN","1","TX","78703","2017-04-30T00:00:00.000","2010-04-26T00:00:00.000",,"Y","1616 W 5TH ST","AUSTIN","227","TAVERN AUSTIN BEVERAGE COMPANY, LLC","32041141527","TX","78703","57393","2053"
"48333","0","MB746923","14575","922 W 12TH ST","AUSTIN","227","THE TAVERN","1","TX","78703","2012-06-30T00:00:00.000","2010-04-26T00:00:00.000",,"Y","1616 W 5TH ST","AUSTIN","227","TAVERN AUSTIN BEVERAGE COMPANY, LLC","32041141527","TX","78703","64011","1103"
"42660","0","MB536413","17323","922 W 12TH ST","AUSTIN","227","TAVERN","2","TX","78703","2009-01-31T00:00:00.000","2003-06-04T00:00:00.000","2010-04-26T00:00:00.000","Y","6101 GUN BOW CT","AUSTIN","227","THE TAVERN AT 12TH LP","13714564534","TX","78746","62063","2080"
"40112","0","MB746923","14927","922 W 12TH ST","AUSTIN","227","THE TAVERN","1","TX","78703","2012-04-30T00:00:00.000","2010-04-26T00:00:00.000",,"Y","1616 W 5TH ST","AUSTIN","227","TAVERN AUSTIN BEVERAGE COMPANY, LLC","32041141527","TX","78703","56244","1205"
"41698","0","MB746923","14895","922 W 12TH ST","AUSTIN","227","THE TAVERN","1","TX","78703","2012-05-31T00:00:00.000","2010-04-26T00:00:00.000",,"Y","1616 W 5TH ST","AUSTIN","227","TAVERN AUSTIN BEVERAGE COMPANY, LLC","32041141527","TX","78703","57695","1102"
"45779","0","MB536413","16995","922 W 12TH ST","AUSTIN","227","TAVERN","2","TX","78703","2008-05-31T00:00:00.000","2003-06-04T00:00:00.000","2010-04-26T00:00:00.000","Y","6101 GUN BOW CT","AUSTIN","227","THE TAVERN AT 12TH LP","13714564534","TX","78746","64537","1763"
"60963","0","MB536413","20898","922 W 12TH ST","AUSTIN","227","TAVERN","2","TX","78703","2008-09-30T00:00:00.000","2003-06-04T00:00:00.000","2010-04-26T00:00:00.000","Y","6101 GUN BOW CT","AUSTIN","227","THE TAVERN AT 12TH LP","13714564534","TX","78746","84592","2731"
"50158","0","MB536413","19737","922 W 12TH ST","AUSTIN","227","TAVERN","2","TX","78703","2007-05-31T00:00:00.000","2003-06-04T00:00:00.000","2010-04-26T00:00:00.000","Y","6101 GUN BOW CT","AUSTIN","227","THE TAVERN AT 12TH LP","13714564534","TX","78746","71852","1957"
"55574","0","MB746923","25849","922 W 12TH ST","AUSTIN","227","THE TAVERN","1","TX","78703","2012-10-31T00:00:00.000","2010-04-26T00:00:00.000",,"Y","1616 W 5TH ST","AUSTIN","227","TAVERN AUSTIN BEVERAGE COMPANY, LLC","32041141527","TX","78703","84264","2841"
"26629","0","MB536413","12948","922 W 12TH ST","AUSTIN","227","TAVERN","2","TX","78703","2009-08-31T00:00:00.000","2003-06-04T00:00:00.000","2010-04-26T00:00:00.000","Y","6101 GUN BOW CT","AUSTIN","227","THE TAVERN AT 12TH LP","13714564534","TX","78746","40590","1013"
"43069","0","MB746923","21487","922 W 12TH ST","AUSTIN","227","THE TAVERN","1","TX","78703","2015-05-31T00:00:00.000","2010-04-26T00:00:00.000",,"Y","1616 W 5TH ST","AUSTIN","227","TAVERN AUSTIN BEVERAGE COMPANY, LLC","32041141527","TX","78703","66277","1721"
"30102","0","MB746923","15424","922 W 12TH ST","AUSTIN","227","THE TAVERN","1","TX","78703","2017-05-31T00:00:00.000","2010-04-26T00:00:00.000",,"Y","1616 W 5TH ST","AUSTIN","227","TAVERN AUSTIN BEVERAGE COMPANY, LLC","32041141527","TX","78703","47145","1619"
"44790","0","MB746923","19136","922 W 12TH ST","AUSTIN","227","THE TAVERN","1","TX","78703","2013-01-31T00:00:00.000","2010-04-26T00:00:00.000",,"Y","1616 W 5TH ST","AUSTIN","227","TAVERN AUSTIN BEVERAGE COMPANY, LLC","32041141527","TX","78703","65786","1860"
"38516","0","MB746923","22324","922 W 12TH ST","AUSTIN","227","THE TAVERN","1","TX","78703","2012-12-31T00:00:00.000","2010-04-26T00:00:00.000",,"Y","1616 W 5TH ST","AUSTIN","227","TAVERN AUSTIN BEVERAGE COMPANY, LLC","32041141527","TX","78703","63800","2960"
"62369","0","MB746923","20347","922 W 12TH ST","AUSTIN","227","THE TAVERN","1","TX","78703","2011-01-31T00:00:00.000","2010-04-26T00:00:00.000",,"Y","1616 W 5TH ST","AUSTIN","227","TAVERN AUSTIN BEVERAGE COMPANY, LLC","32041141527","TX","78703","84910","2194"
"41758","0","MB746923","17042","922 W 12TH ST","AUSTIN","227","THE TAVERN","1","TX","78703","2014-08-31T00:00:00.000","2010-04-26T00:00:00.000",,"Y","1616 W 5TH ST","AUSTIN","227","TAVERN AUSTIN BEVERAGE COMPANY, LLC","32041141527","TX","78703","60022","1222"
"35719","0","MB746923","14591","922 W 12TH ST","AUSTIN","227","THE TAVERN","1","TX","78703","2013-02-28T00:00:00.000","2010-04-26T00:00:00.000",,"Y","1616 W 5TH ST","AUSTIN","227","TAVERN AUSTIN BEVERAGE COMPANY, LLC","32041141527","TX","78703","51747","1437"
"31732","0","MB746923","12608","922 W 12TH ST","AUSTIN","227","THE TAVERN","1","TX","78703","2011-07-31T00:00:00.000","2010-04-26T00:00:00.000",,"Y","1616 W 5TH ST","AUSTIN","227","TAVERN AUSTIN BEVERAGE COMPANY, LLC","32041141527","TX","78703","45389","1049"
"44523","0","MB536413","17387","922 W 12TH ST","AUSTIN","227","TAVERN","2","TX","78703","2008-04-30T00:00:00.000","2003-06-04T00:00:00.000","2010-04-26T00:00:00.000","Y","6101 GUN BOW CT","AUSTIN","227","THE TAVERN AT 12TH LP","13714564534","TX","78746","64214","2304"
"61231","0","MB746923","18731","922 W 12TH ST","AUSTIN","227","THE TAVERN","1","TX","78703","2011-11-30T00:00:00.000","2010-04-26T00:00:00.000",,"Y","1616 W 5TH ST","AUSTIN","227","TAVERN AUSTIN BEVERAGE COMPANY, LLC","32041141527","TX","78703","82275","2313"
"24149","0","MB746923","15238","922 W 12TH ST","AUSTIN","227","THE TAVERN","1","TX","78703","2017-06-30T00:00:00.000","2010-04-26T00:00:00.000",,"Y","1616 W 5TH ST","AUSTIN","227","TAVERN AUSTIN BEVERAGE COMPANY, LLC","32041141527","TX","78703","40822","1435"
"24154","0","MB746923","12169","922 W 12TH ST","AUSTIN","227","THE TAVERN","1","TX","78703","2017-02-28T00:00:00.000","2010-04-26T00:00:00.000",,"Y","1616 W 5TH ST","AUSTIN","227","TAVERN AUSTIN BEVERAGE COMPANY, LLC","32041141527","TX","78703","37952","1629"
"62106","0","MB746923","27277","922 W 12TH ST","AUSTIN","227","THE TAVERN","1","TX","78703","2013-11-30T00:00:00.000","2010-04-26T00:00:00.000",,"Y","1616 W 5TH ST","AUSTIN","227","TAVERN AUSTIN BEVERAGE COMPANY, LLC","32041141527","TX","78703","92088","2705"
"20548","0","MB746923","13490","922 W 12TH ST","AUSTIN","227","THE TAVERN","1","TX","78703","2017-07-31T00:00:00.000","2010-04-26T00:00:00.000",,"Y","1616 W 5TH ST","AUSTIN","227","TAVERN AUSTIN BEVERAGE COMPANY, LLC","32041141527","TX","78703","35116","1078"
"55250","0","MB746923","24742","922 W 12TH ST","AUSTIN","227","THE TAVERN","1","TX","78703","2014-10-31T00:00:00.000","2010-04-26T00:00:00.000",,"Y","1616 W 5TH ST","AUSTIN","227","TAVERN AUSTIN BEVERAGE COMPANY, LLC","32041141527","TX","78703","82931","2939"
"53909","0","MB536413","22128","922 W 12TH ST","AUSTIN","227","TAVERN","2","TX","78703","2009-09-30T00:00:00.000","2003-06-04T00:00:00.000","2010-04-26T00:00:00.000","Y","6101 GUN BOW CT","AUSTIN","227","THE TAVERN AT 12TH LP","13714564534","TX","78746","78091","2054"
"40907","0","MB746923","19116","922 W 12TH ST","AUSTIN","227","THE TAVERN","1","TX","78703","2015-03-31T00:00:00.000","2010-04-26T00:00:00.000",,"Y","1616 W 5TH ST","AUSTIN","227","TAVERN AUSTIN BEVERAGE COMPANY, LLC","32041141527","TX","78703","61734","1711"
"37444","0","MB746923","15653","922 W 12TH ST","AUSTIN","227","THE TAVERN","1","TX","78703","2016-01-31T00:00:00.000","2010-04-26T00:00:00.000",,"Y","1616 W 5TH ST","AUSTIN","227","TAVERN AUSTIN BEVERAGE COMPANY, LLC","32041141527","TX","78703","54718","1621"
"64619","0","MB536413","23544","922 W 12TH ST","AUSTIN","227","TAVERN","2","TX","78703","2008-03-31T00:00:00.000","2003-06-04T00:00:00.000","2010-04-26T00:00:00.000","Y","6101 GUN BOW CT","AUSTIN","227","THE TAVERN AT 12TH LP","13714564534","TX","78746","90509","2346"
"38199","0","MB746923","19035","922 W 12TH ST","AUSTIN","227","THE TAVERN","1","TX","78703","2016-04-30T00:00:00.000","2010-04-26T00:00:00.000",,"Y","1616 W 5TH ST","AUSTIN","227","TAVERN AUSTIN BEVERAGE COMPANY, LLC","32041141527","TX","78703","58629","1395"
"53850","0","MB746923","25438","922 W 12TH ST","AUSTIN","227","THE TAVERN","1","TX","78703","2010-12-31T00:00:00.000","2010-04-26T00:00:00.000",,"Y","1616 W 5TH ST","AUSTIN","227","TAVERN AUSTIN BEVERAGE COMPANY, LLC","32041141527","TX","78703","81767","2479"
"34017","0","MB746923","14565","922 W 12TH ST","AUSTIN","227","THE TAVERN","1","TX","78703","2017-01-31T00:00:00.000","2010-04-26T00:00:00.000",,"Y","1616 W 5TH ST","AUSTIN","227","TAVERN AUSTIN BEVERAGE COMPANY, LLC","32041141527","TX","78703","50554","1972"
"61485","0","MB536413","22158","922 W 12TH ST","AUSTIN","227","TAVERN","2","TX","78703","2007-01-31T00:00:00.000","2003-06-04T00:00:00.000","2010-04-26T00:00:00.000","Y","6101 GUN BOW CT","AUSTIN","227","THE TAVERN AT 12TH LP","13714564534","TX","78746","85985","2342"
"30325","0","MB746923","15434","922 W 12TH ST","AUSTIN","227","THE TAVERN","1","TX","78703","2016-02-29T00:00:00.000","2010-04-26T00:00:00.000",,"Y","1616 W 5TH ST","AUSTIN","227","TAVERN AUSTIN BEVERAGE COMPANY, LLC","32041141527","TX","78703","47174","1415"
"58583","0","MB536413","29085","922 W 12TH ST","AUSTIN","227","TAVERN","2","TX","78703","2007-12-31T00:00:00.000","2003-06-04T00:00:00.000","2010-04-26T00:00:00.000","Y","6101 GUN BOW CT","AUSTIN","227","THE TAVERN AT 12TH LP","13714564534","TX","78746","90568","2900"
"46738","0","MB746923","18034","922 W 12TH ST","AUSTIN","227","THE TAVERN","1","TX","78703","2014-01-31T00:00:00.000","2010-04-26T00:00:00.000",,"Y","1616 W 5TH ST","AUSTIN","227","TAVERN AUSTIN BEVERAGE COMPANY, LLC","32041141527","TX","78703","66440","1668"
"46366","0","MB536413","15944","922 W 12TH ST","AUSTIN","227","TAVERN","2","TX","78703","2007-08-31T00:00:00.000","2003-06-04T00:00:00.000","2010-04-26T00:00:00.000","Y","6101 GUN BOW CT","AUSTIN","227","THE TAVERN AT 12TH LP","13714564534","TX","78746","64522","2212"
"59142","0","MB746923","20052","922 W 12TH ST","AUSTIN","227","THE TAVERN","1","TX","78703","2010-09-30T00:00:00.000","2010-04-26T00:00:00.000",,"Y","1616 W 5TH ST","AUSTIN","227","TAVERN AUSTIN BEVERAGE COMPANY, LLC","32041141527","TX","78703","81443","2249"
"45698","0","MB536413","20298","922 W 12TH ST","AUSTIN","227","TAVERN","2","TX","78703","2009-11-30T00:00:00.000","2003-06-04T00:00:00.000","2010-04-26T00:00:00.000","Y","6101 GUN BOW CT","AUSTIN","227","THE TAVERN AT 12TH LP","13714564534","TX","78746","67736","1740"
"74396","0","MB536413","26577","922 W 12TH ST","AUSTIN","227","TAVERN","2","TX","78703","2007-09-30T00:00:00.000","2003-06-04T00:00:00.000","2010-04-26T00:00:00.000","Y","6101 GUN BOW CT","AUSTIN","227","THE TAVERN AT 12TH LP","13714564534","TX","78746","103442","2469"
"123849","0","MB746923","119170","922 W 12TH ST","AUSTIN","227","THE TAVERN","1","TX","78703","2012-03-31T00:00:00.000","2010-04-26T00:00:00.000",,"Y","1616 W 5TH ST","AUSTIN","227","TAVERN AUSTIN BEVERAGE COMPANY, LLC","32041141527","TX","78703","244620","1601"
"1280","0","MB536413","18710","922 W 12TH ST","AUSTIN","227","TAVERN","2","TX","78703","2009-03-31T00:00:00.000","2003-06-04T00:00:00.000","2010-04-26T00:00:00.000","Y","6101 GUN BOW CT","AUSTIN","227","THE TAVERN AT 12TH LP","13714564534","TX","78746","64673","44683"
"42643","0","MB746923","19470","922 W 12TH ST","AUSTIN","227","THE TAVERN","1","TX","78703","2017-10-31T00:00:00.000","2010-04-26T00:00:00.000",,"Y","1616 W 5TH ST","AUSTIN","227","TAVERN AUSTIN BEVERAGE COMPANY, LLC","32041141527","TX","78703","64690","2577"
